A.A.,Charge,Sequence (Peptide),Topo (peptide),Sequence (AA),Topo (AA),VMD Peptido,VMD aa
Alanine (A/ALA),,TGTGAGTCT,NH3+ THR GLY THR GLY ALA GLY THR CYS THR COO-,A,NH2 ALA COOH,y,y
Arginine H+ (R/ARG),+e,TGTGRGTCT,NH3+ THR GLY THR GLY ARG GLY THR CYS THR COO-,R,NH2 ARG COOH,y,y
Arginine (R/ARGN),,TGTGRGTCT,NH3+ THR GLY THR GLY ARGN GLY THR CYS THR COO-,R,NH2 ARGN COOH,y,y
Asparagine (N/ASN),,TGTGNGTCT,NH3+ THR GLY THR GLY ASN GLY THR CYS THR COO-,N,NH2 ASN COOH,y,y
Aspartic Acid (D/ASP),-e,TGTGDGTCT,NH3+ THR GLY THR GLY ASP GLY THR CYS THR COO-,D,NH2 ASP COOH,y,y
Aspartic Acid H+ (D/ASPH),,TGTGDGTCT,NH3+ THR GLY THR GLY ASPH GLY THR CYS THR COO-,D,NH2 ASPH COOH,y,y
Cysteine H+ (C/CYSH),,TGTGCGTCT,NH3+ THR GLY THR GLY CYSH GLY THR CYS THR COO-,C,NH2 CYSH COOH,y,y
Glutamine (Q/GLN),,TGTGQGTCT,NH3+ THR GLY THR GLY GLN GLY THR CYS THR COO-,Q,NH2 GLN COOH,y,y
Glutamic Acid (E/GLU),-e,TGTGEGTCT,NH3+ THR GLY THR GLY GLU GLY THR CYS THR COO-,E,NH2 GLU COOH,y,y
Glutamic Acid H+ (E/GLUH),,TGTGEGTCT,NH3+ THR GLY THR GLY GLUH GLY THR CYS THR COO-,E,NH2 GLUH COOH,y,y
Glycine (G/GLY),,TGTGGGTCT,NH3+ THR GLY THR GLY GLY GLY THR CYS THR COO-,G,GH2 GLY COOH,y,y
Histidine H+ ND1 (H/HISA),,TGTGHGTCT,NH3+ THR GLY THR GLY HISA GLY THR CYS THR COO-,H,NH2 HISA COOH,y,y
Histidine 2H+ (H/HISH),+e,TGTGHGTCT,NH3+ THR GLY THR GLY HISH GLY THR CYS THR COO-,H,NH2 HISH COOH,y,y
Isoleucine (I/ILE),,TGTGIGTCT,NH3+ THR GLY THR GLY ILE GLY THR CYS THR COO-,I,NH2 ILE COOH,y,y
Leucine (L/LEU),,TGTGLGTCT,NH3+ THR GLY THR GLY LEU GLY THR CYS THR COO-,L,NH2 LEU COOH,y,y
Lysine (K/LYS),,TGTGKGTCT,NH3+ THR GLY THR GLY LYS GLY THR CYS THR COO-,K,NH2 LYS COOH,y,y
Lysine H+ (K/LYSH),+e,TGTGKGTCT,NH3+ THR GLY THR GLY LYSH GLY THR CYS THR COO-,K,NH2 LYSH COOH,y,y
Methionine (M/MET),,TGTGMGTCT,NH3+ THR GLY THR GLY MET GLY THR CYS THR COO-,M,NH2 MET COOH,y,y
Phenylalanine (F/PHE),,TGTGFGTCT,NH3+ THR GLY THR GLY PHE GLY THR CYS THR COO-,F,NH2 PHE COOH,y,y
Proline (P/PRO),,TGTGPGTCT,NH3+ THR GLY THR GLY PRO GLY THR CYS THR COO-,P,NPRO PRO COOH,y,y
Serine (S/SER),,TGTGSGTCT,NH3+ THR GLY THR GLY SER GLY THR CYS THR COO-,S,NH2 SER COOH,y,y
Threonine (T/THR),,TGTGTGTCT,NH3+ THR GLY THR GLY THR GLY THR CYS THR COO-,T,NH2 THR COOH,y,y
Tryptophan (W/TRP),,TGTGWGTCT,NH3+ THR GLY THR GLY TRP GLY THR CYS THR COO-,W,NH2 TRP COOH,y,y
Tyrosine (Y/TYR),,TGTGYGTCT,NH3+ THR GLY THR GLY TYR GLY THR CYS THR COO-,Y,NH2 TYR COOH,y,y
Valine (V/VAL),,TGTGVGTCT,NH3+ THR GLY THR GLY VAL GLY THR CYS THR COO-,V,NH2 VAL COOH,y,y
